{
 "ROCAUC": 0.9647077292557177,
 "AP": 0.8644997427673485,
 "F1@0.0": 0.1059001512859304,
 "Prec@0.0": 0.05605979711692472,
 "Rec@0.0": 0.9545454545454546,
 "F1@0.1": 0.8337028824833702,
 "Prec@0.1": 0.8138528138528138,
 "Rec@0.1": 0.8545454545454545,
 "F1@0.2": 0.8402948402948404,
 "Prec@0.2": 0.9144385026737968,
 "Rec@0.2": 0.7772727272727272,
 "F1@0.30000000000000004": 0.8144329896907216,
 "Prec@0.30000000000000004": 0.9404761904761905,
 "Rec@0.30000000000000004": 0.7181818181818181,
 "F1@0.4": 0.7828418230563003,
 "Prec@0.4": 0.954248366013072,
 "Rec@0.4": 0.6636363636363637,
 "F1@0.5": 0.7555555555555554,
 "Prec@0.5": 0.9714285714285714,
 "Rec@0.5": 0.6181818181818182,
 "F1@0.6000000000000001": 0.695906432748538,
 "Prec@0.6000000000000001": 0.9754098360655737,
 "Rec@0.6000000000000001": 0.5409090909090909,
 "F1@0.7000000000000001": 0.6402439024390245,
 "Prec@0.7000000000000001": 0.9722222222222222,
 "Rec@0.7000000000000001": 0.4772727272727273,
 "F1@0.8": 0.572347266881029,
 "Prec@0.8": 0.978021978021978,
 "Rec@0.8": 0.40454545454545454,
 "F1@0.9": 0.3507462686567164,
 "Prec@0.9": 0.9791666666666666,
 "Rec@0.9": 0.21363636363636362,
 "Avg. active score (test)": [
  0.5778636363636364,
  0.33769335141038365
 ],
 "Avg. active score (train)": [
  0.8541251778093883,
  0.13120427529394518
 ],
 "#Samples": 50390,
 "#Train actives": 703,
 "#Train actives@0.7": 191,
 "#Actives@0.70": 220
}