{
 "ROCAUC": 0.9831616055414683,
 "AP": 0.9269885240761282,
 "F1@0.0": 0.20416061925495887,
 "Prec@0.0": 0.11379263853309964,
 "Rec@0.0": 0.9917743830787309,
 "F1@0.1": 0.7937468482097833,
 "Prec@0.1": 0.6952296819787986,
 "Rec@0.1": 0.9247943595769683,
 "F1@0.2": 0.8861061419200954,
 "Prec@0.2": 0.8995157384987893,
 "Rec@0.2": 0.8730904817861339,
 "F1@0.30000000000000004": 0.8855534709193246,
 "Prec@0.30000000000000004": 0.946524064171123,
 "Rec@0.30000000000000004": 0.8319623971797885,
 "F1@0.4": 0.8701298701298701,
 "Prec@0.4": 0.9724238026124818,
 "Rec@0.4": 0.7873090481786134,
 "F1@0.5": 0.8280081577158396,
 "Prec@0.5": 0.9822580645161291,
 "Rec@0.5": 0.7156286721504113,
 "F1@0.6000000000000001": 0.792107117688513,
 "Prec@0.6000000000000001": 0.9894366197183099,
 "Rec@0.6000000000000001": 0.6603995299647474,
 "F1@0.7000000000000001": 0.7383935151068534,
 "Prec@0.7000000000000001": 0.9901185770750988,
 "Rec@0.7000000000000001": 0.5887191539365453,
 "F1@0.8": 0.6514195583596215,
 "Prec@0.8": 0.9904076738609112,
 "Rec@0.8": 0.48531139835487663,
 "F1@0.9": 0.4786476868327402,
 "Prec@0.9": 0.9853479853479854,
 "Rec@0.9": 0.31609870740305523,
 "Avg. active score (test)": [
  0.6745005875440658,
  0.3042910172970037
 ],
 "Avg. active score (train)": [
  0.8800338366084633,
  0.11494292697341493
 ],
 "#Samples": 52802,
 "#Train actives": 2479,
 "#Train actives@0.7": 539,
 "#Actives@0.70": 643
}