{"MW": [157.11027872, 761.3414418201], "LogP": [-2.0107999999999997, 8.831511500000007], "QED": [0.0818088806773067, 1], "ECFP4bits": [0.9166666666666666, 1.1]}