{
 "ROCAUC": 0.9960842393199888,
 "AP": 0.9148926002854704,
 "F1@0.0": 0.20732870181174223,
 "Prec@0.0": 0.11567107463140294,
 "Rec@0.0": 0.9986876640419947,
 "F1@0.1": 0.8010869565217391,
 "Prec@0.1": 0.6836734693877551,
 "Rec@0.1": 0.9671916010498688,
 "F1@0.2": 0.8479427549194991,
 "Prec@0.2": 0.7770491803278688,
 "Rec@0.2": 0.9330708661417323,
 "F1@0.30000000000000004": 0.8562381253958202,
 "Prec@0.30000000000000004": 0.8274173806609547,
 "Rec@0.30000000000000004": 0.8871391076115486,
 "F1@0.4": 0.8535453943008615,
 "Prec@0.4": 0.8621151271753681,
 "Rec@0.4": 0.8451443569553806,
 "F1@0.5": 0.8372739916550764,
 "Prec@0.5": 0.8905325443786982,
 "Rec@0.5": 0.7900262467191601,
 "F1@0.6000000000000001": 0.799410029498525,
 "Prec@0.6000000000000001": 0.9124579124579124,
 "Rec@0.6000000000000001": 0.7112860892388452,
 "F1@0.7000000000000001": 0.7486209613869188,
 "Prec@0.7000000000000001": 0.9368836291913215,
 "Rec@0.7000000000000001": 0.6233595800524935,
 "F1@0.8": 0.6429809358752165,
 "Prec@0.8": 0.9464285714285714,
 "Rec@0.8": 0.4868766404199475,
 "F1@0.9": 0.4630738522954092,
 "Prec@0.9": 0.9666666666666667,
 "Rec@0.9": 0.30446194225721784,
 "Avg. active score (test)": [
  0.7110252468441445,
  0.26149723006619235
 ],
 "Avg. active score (train)": [
  0.8917808858559196,
  0.10007213210226162
 ],
 "#Samples": 102981,
 "#Train actives": 2219,
 "#Train actives@0.7": 203,
 "#Actives@0.70": 229
}